,FID US Stocks,FID US Equity,NEI US Equity RS,AIM US Companies,CIBC US Equity,Scotia US Equity,BMO US Equity,Sunlife US Growth,Mawer US Equity,S&P500,death,inIcuCumulative,positive
2020-04-02,0.02058410768281016,0.020932368691801484,0.018635485631216975,0.02461559743703101,0.020935634097361877,0.019576022287211003,0.022388510059894395,0.014716386559352701,0.01570804718973906,0.02282934723487151,0.22016113921678837,0.19140625,0.12607037715811775
2020-04-03,-0.01671487199862809,-0.023844172493000304,-0.01708732259932122,-0.01784106832653254,-0.018623083134609475,-0.017650404475037962,-0.017820459974975167,-0.017493090832185865,-0.01145512919416225,-0.015137125124949469,0.1977886977886978,0.09836065573770503,0.12667924107853445
2020-04-06,0.07203751177527096,0.05466110503282273,0.06355318186010739,0.07311959829227943,0.06854449900339965,0.06758444203896818,0.0633551075761607,0.07647621904337698,0.06528265074139483,0.07033131865275055,0.12375211904313432,0.08866995073891615,0.08260645885461737
2020-04-07,-0.011181429107501084,-0.016402733757261645,-0.011104457812965096,-0.01319968217073153,-0.014167221316541578,-0.009827822393496555,-0.004898758671368686,-0.017854306492213756,-0.013481593122623647,-0.0016030527844311804,0.17113643982567894,0.1131221719457014,0.0821246125433357
2020-04-09,0.04398801335709601,0.06176554239384391,0.04185440586374045,0.04514491325095804,0.04329866098437751,0.048995492074739966,0.04543821557261096,0.028909269471547372,0.04631481256199832,0.04903725283424332,0.12859199899830975,0.0649651972157772,0.08104802846131043
2020-04-13,-0.0062763773059019146,-0.02782334463718883,-0.02113476159837524,-0.018783037718984263,-0.017991130178869885,-0.018330158860149104,-0.016388757511908825,-0.0018125526355567967,-0.017657888258645893,-0.010104660822607414,0.06824366757379119,0.06901311249137332,0.043099615182007334
2020-04-14,0.036427260827234687,0.027092955989815648,0.029164213631797553,0.03417874414218769,0.03348160754388263,0.033112898479062514,0.026547503657867733,0.029991014905854207,0.02693302583072721,0.030572589146256046,0.0923378404859887,0.060038734667527516,0.04441222239151155
2020-04-16,-0.0008706017145023726,0.0004867935286636538,0.0049475346193184055,-0.005488722742376773,0.005507856203216477,-0.0019908535452125564,-0.00552808880570288,0.014632989776708794,0.002332540884200096,-0.016341893286892173,0.0722083388136261,0.07251461988304087,0.048859385108717124
2020-04-17,0.0226736253375035,0.018380606474004413,0.015495174427729186,0.023367820971719855,0.017863205373814806,0.020907186753138074,0.02298405459388486,0.013889812226888232,0.018961920145073252,0.026793594848223412,0.06489205103042206,0.11886586695747003,0.04693198884359573
2020-04-20,-0.01279877053609102,-0.013049307881406014,-0.011318873068672297,-0.010958117119739486,-0.009925081921484447,-0.011434918886381151,-0.012871459681585207,-0.011177847688132236,-0.013267744838193152,-0.01788104803401469,0.04725804350657814,0.02237762237762242,0.03219284007781442
2020-04-23,-0.0025198730709240502,-0.015499681078047667,-0.01634736059960107,-0.017286404672788303,-0.012242913554143642,-0.013335278907658954,-0.015885982418386124,-0.013078812369624382,-0.011298449489138274,-0.008982793773910536,0.04028821915363512,0.024472573839662504,0.03810353261193766
2020-04-24,0.015429011591499231,0.005540651471618752,0.015823297597181707,0.01664598242528137,0.015513246046497509,0.01619215326243051,0.015210157472638208,0.017724062341047064,0.01575879135805347,0.013918057304545428,0.04230909441811592,0.016474464579901094,0.035876330838681136
2020-04-27,0.009173912501905468,0.009705878948371716,0.010575029767648791,0.014573614600171148,0.012697898956770093,0.010222475166985712,0.01450426186634357,0.007186926097973334,0.014853442393897964,0.014714069804799612,0.024760942237425088,0.4469078179696615,0.02311201341908009
2020-04-28,-0.01317050526238328,-0.004082020798651831,-0.008036301942662138,-0.008813164001301499,-0.010727491416328894,-0.008392813488554918,-0.0019281138151217014,-0.020624862071290107,-0.009958218561042842,-0.005242380698498916,0.039411296134734375,0.020967741935483897,0.025441382578622163
2020-04-29,0.023676190882335302,-0.005362174298780276,0.00648349300454143,0.017609717699182514,0.017963213928776645,0.018732194311238404,0.02575417534246438,0.026238667452979092,0.017376400279247584,0.026583916282167053,0.04906576162323928,0.07767245918904697,0.025741345641404845
2020-04-30,-0.004209641937231279,-0.011458911825511064,-0.00803789618705375,-0.01095039962876776,-0.0048663102547712445,-0.00693342978786915,-0.013020133375454712,-0.0019758562434245563,-0.012459545843606645,-0.009212446303987654,0.0374480371523489,0.024187637429758047,0.028818584694314753
2020-05-01,-0.023428532097666266,-0.007025659736856538,-0.010959789225568395,-0.015431339603920957,-0.017603400402160796,-0.017421772242365074,-0.016750552061354784,-0.010334549289257589,-0.009741049527504875,-0.028059034078492195,0.030379237501257483,0.0257633587786259,0.030636090208750355
2020-05-04,0.012584987736541375,0.009289994783427513,0.006149297801492093,0.003787247780288716,0.0056873470964031725,0.005100941823453109,0.006177824556876432,0.011054026553544816,0.0023465718804185354,0.004249827591976452,0.01530532806028706,0.01710350955131057,0.019039924756725446
2020-05-05,0.014745844211723425,0.009222217936102117,0.008052472910971886,0.020199649396829278,0.007395662511277434,0.006986402658873958,0.00289641047382716,0.013357550405006746,0.010200976146071072,0.009040556385797371,0.038276924964345316,0.046953483293295406,0.018925909021755727
2020-05-06,0.0014653726947135848,-0.004012288852487167,-0.0005186711548719192,0.004608521472756255,0.002220509815753724,-0.00040707036839393584,0.002405505415630893,0.006019164463948901,0.0009858157267375045,-0.006979410390386298,0.028520788715752143,0.024405506883604433,0.02099653928721934
2020-05-07,0.0142602858290104,-0.0021611272174693053,-0.0002708999817648827,0.0018690007824051502,0.002873088820289915,0.0018604361111689283,0.0058237706046493365,0.005545754657632296,0.004054307883926578,0.011504630788313985,0.039232580848986176,0.05660761555691307,0.022121406124578025
2020-05-08,0.008547589642320386,0.00778008303101152,0.008006023967083609,0.007970539065873528,0.006498849941428908,0.011674744393925351,0.009611205695314373,-0.001019985322511352,0.004726325900934025,0.016871538638701944,0.024707052841034693,0.21295047215263052,0.02161879447281234
2020-05-13,-0.021474170710909513,-0.007759181118425218,-0.019878775805813875,-0.024059164499759755,-0.02467357052541541,-0.025871428722360257,-0.029792371926380845,-0.011847442659729368,-0.026212662639728768,-0.037476976926136385,0.02187250945616004,0.019438116932422256,0.01565370486561246
2020-05-14,0.013278135078115483,0.0005578968378527893,0.005283731551499082,0.005976329674713954,0.008202978201916178,0.007930206526693961,0.005504011473090209,0.00977088301016038,0.012137120417307745,0.01152482269503552,0.022852756938770424,0.01221510502011025,0.019225912362672126
2020-05-15,0.010453270473529397,0.005080076953200008,0.011004570749409082,0.012624172140333512,0.010097254038722525,0.008207928852519863,0.006787923937908058,0.010825039854432505,0.00231540456120638,0.0039263632504382695,0.018602343144848987,0.013980868285504044,0.01788545201120706
2020-05-19,0.011707400318316852,0.0012755986289627597,0.0007844585935690152,0.005302638149362826,0.004079107042016528,0.007170188839911162,0.012543921421549253,4.969272385890733e-05,0.003732865931743712,0.02068652136901883,0.015230989956958485,0.02165911664779152,0.0137015407283263
2020-05-20,0.01750480490520334,0.005139666496709161,0.011669254051232203,0.015206774111516497,0.013349704183973188,0.015431061136220503,0.013506487937955836,0.015378139998175167,0.011739338912004404,0.01665110025908012,0.015771265771265863,0.014133296383538774,0.013954484521172095
2020-05-21,-0.008685598847240295,-0.005143769981276636,-0.0018727621345627776,-0.003924339443975966,-0.006206285228557151,-0.004658794819350609,-0.006804881138757657,-0.006661211124719402,-0.003768844989356368,-0.007773596407737116,0.015370574420960015,0.014209591474245054,0.01722703416299054
2020-05-26,0.006604853692405932,0.002744423730102863,0.0010094523487897966,0.001886709777551232,0.0032067695806763385,0.003163504327307054,0.012155540919545293,-0.009751260924351302,0.005701233697914088,0.014671820554227555,0.007046859505875913,0.00662673633235622,0.010022387499061036
2020-05-27,0.005073073936846528,0.010155656606699814,0.009028126970272332,0.01644968001335312,0.011335531399331744,0.013290907846399413,0.015217253326029523,0.004516252653149255,0.013769812481132293,0.014827297215913804,0.014036999015315077,0.01468540321559697,0.011420659057654214
2020-05-29,0.017735540252805215,0.019783986033847567,0.005998520884556102,0.00871838784135881,0.0073984647825589,0.00361312848893669,-0.0027343748679926616,0.0176325718768644,0.012629461052002133,0.0026942772862115216,0.011944469945020852,0.015538290788013276,0.013714248560886322
2020-06-01,0.005129479372043999,-0.011286106493460846,-0.01297240391331167,-0.017070008620779342,-0.012200288619429456,-0.0110117548528329,-0.006786794418888298,-0.011475258319620263,-0.013795204097054814,0.003751234813537785,0.006707480428246759,0.004735969689793951,0.011180335024887578
2020-06-02,0.007953355726509681,0.0037850697689918444,0.004951109152957711,0.007474257710527343,0.0046733258956026535,0.004908827259752169,0.007381674790750914,-0.004921630529132748,-0.0039304680636130795,0.008210832780053412,0.00967878650489351,0.009427292010369959,0.010990472972898457
2020-06-03,0.0064321561334328425,0.011095244771014423,0.007673099163681529,0.011018964446656732,0.011326986226618985,0.01088866384057452,0.014832751517346532,0.0025545538036284565,0.014021157872514234,0.013648979133831007,0.009498150154723106,0.01447583469530711,0.011010234319671408
2020-06-04,-0.015469479267167796,-0.011726969846884483,-0.007367295177037825,-0.0019424411715611711,-0.005042499986233073,-0.0014986517850534842,0.0009915137855791567,-0.014578451641249712,-0.0081849547773295,-0.0033687022311144066,0.008528825884309699,0.011277330264672036,0.011078279777332556
2020-06-05,0.020472552073142136,0.007560098317591635,0.015809282174730654,0.016001808155859498,0.022248583024695012,0.020374308245092676,0.020952417361787434,0.012853533705826425,0.016574511821652038,0.026211650818398713,0.00797729539004366,0.008534365043240788,0.01231048314079164
2020-06-08,0.0011660756526101768,0.00526713967127912,0.0008111175287464079,-0.0015431113651446227,0.00011248525673002163,0.006136314820965216,0.001449590561692693,0.0020443380050025883,0.003327289779091913,0.012041579421169235,0.006322504163256193,0.006252093334822018,0.00874354237636421
2020-06-09,-0.0005188689078967634,-0.012909649537134693,-0.0034051793634826133,-0.006075157161873235,-0.003968649544696001,-0.004049620768747042,-0.004832582956895148,0.004750395795823037,-0.007388941369586899,-0.007799170822611612,0.008358342916444661,0.014312659491845015,0.008666731839043429
2020-06-10,0.007759895177892329,-0.006002473241289219,-0.001349380856153548,-0.0024126412091022287,-0.0014936463102888098,-0.008788963882633616,-0.006138763983398521,0.011697341360251023,-0.0026053923716156113,-0.0053130910724373814,0.0082705163509591,0.009188361408882129,0.01059152819823761
2020-06-11,-0.05241610249964568,-0.024772143998371576,-0.03178884650552827,-0.04358813203985734,-0.039545719288742065,-0.040933597691733326,-0.042902349993983124,-0.039907320524594336,-0.045676457413481586,-0.05894405927443824,0.008239459285484418,0.007695642748753562,0.011034349786277264
2020-06-12,0.013412412090740844,0.006143830821350171,0.006130129600536716,0.009216047023994811,0.01064570546572119,0.011471992004387976,0.011353886783786793,0.015122724787095976,0.013267203611563083,0.013060843963234703,0.006986437555294156,0.008174680004302548,0.011497957612703669
2020-06-15,0.009953334627265331,0.0038785961741225616,0.003309527442229676,0.005790973532682875,0.0054695814176359825,0.007051461097638212,0.0033214572267723508,0.009321522706387642,0.009301442649342073,0.008312217041285264,0.003436487783869069,0.005282062117050401,0.008751256709448763
2020-06-16,0.020117364857691555,0.011155972828913896,0.01889465628546838,0.01943197904503524,0.017569650585946617,0.017424260561765603,0.017389004763534333,0.017396478292706075,0.013854850101301164,0.01896239819380252,0.006491764579644732,0.007881462799495642,0.010873665767386242
2020-06-17,0.003683745411299011,0.0003355959178930057,-0.004090700004453662,-0.0008145644623051007,-0.0021453160065030286,-0.0025170740559601334,-0.005178290486780646,0.00026636081829600755,-0.004435212541104461,-0.0036002995561740248,0.00691186922530207,0.00781983109164841,0.011391552010722394
2020-06-18,0.003013448088445836,0.0005935979212996489,0.004145565814900554,0.001250106905443804,0.004980102130590192,0.0030947051343477305,0.0043846056146923384,0.004915232899279864,0.0014844661031176987,0.0005942198825281686,0.00599092978524407,0.007448789571694592,0.012555871861613666
2020-06-19,-0.007901727563572103,-0.01063996746372875,-0.00561452344458746,-0.0030399338029333256,-0.007657833686345317,-0.0057106156363542215,-0.00738267472517562,-0.0028238669191477106,-0.00933053565266806,-0.005649494809462974,0.005762298604593985,0.014273978229615958,0.0141937541415873
2020-06-22,0.01710517198425232,-0.001955351873414113,0.002025495360882257,0.0009801566568246045,0.0016180243295249586,0.0008460022360277097,0.0017344120196345347,0.012013782971929565,0.005315057871219331,0.006495095537691675,0.002491866823562061,0.005933226065969466,0.011821994278784276
2020-06-23,0.006298334818251705,-0.0005355304392047344,0.0050378076541990335,0.005058665181790101,0.007098079283580194,0.005977394653050805,0.006456344389416335,0.0011937835817095177,-0.00027507487981015544,0.004307419569164139,0.006283228612856462,0.007397780665800324,0.014572048992338882
2020-06-30,-0.009916794840641341,-0.006904309030288491,-0.005588828216627317,-0.004059038723916886,-0.008676740987090592,-0.00844963081518102,-0.008590165312964082,-0.0013210844791768928,0.005140492122108542,-0.009900073009295962,0.004871527052433766,0.012047049895655526,0.018257664748716484
2020-07-02,0.018089256394367093,0.013264347071519689,0.0067947953538698425,0.008694698603267659,0.010490213078565569,0.010256040600901795,0.007364592132460102,0.018171952134649505,0.010377138110935213,0.00958619043014175,0.005779056500818447,0.00846354166666674,0.02001091960255641
2020-07-06,0.015687219080068315,0.0009349974482431023,0.007922264254908828,0.010289838482653968,0.013845099718079679,0.01282718876286637,0.012998215553397863,0.012786544483792461,0.0070145969859707336,0.01588172586745884,0.0018979505392460183,0.004359673024523225,0.014192055266504466
2020-07-07,-0.004038536459343378,-0.002313780053712966,-0.0019754699583989233,-0.004052696239096654,-0.006677342455336244,-0.006314363587680227,-0.00822569560154629,-0.0035985560194389254,-0.005645369602095163,-0.010818532028197159,0.007366033317885767,0.01085187194791093,0.01744512454425129
2020-07-09,0.013355170101967406,-0.005787157806275811,0.0007887014202609954,0.00021415163426707906,0.003057789781991671,0.0014598655462350063,0.0019876759655832466,0.01566406791282371,0.0003112027005902629,0.0021396806437763427,0.006911370888856849,0.008139432009201197,0.019449456210156812
2020-07-10,-0.001237662511349602,0.0072160734564177265,0.007613277533113916,0.008190133286720913,0.008321142282471827,0.010878655312385632,0.015441253347480144,0.0037938004884987553,0.008769893539280371,0.01046620127324438,0.006696712957064532,0.01132075471698113,0.021677068911940767
2020-07-13,-0.019349608771341953,-0.00674014341134721,-0.006618105645500805,-0.012052632858167156,-0.009248924823099691,-0.008557593141206965,-0.006380745604663951,-0.025900310310149277,-0.009642209628646148,-0.009362541127788226,0.0025773801596564727,0.005993663841082242,0.017384320525691388
2020-07-14,0.014649954480917993,0.013528120400180033,0.013284770150720382,0.016982854774065803,0.012552749737968272,0.01421216097114164,0.013533281035247757,0.014162729177998434,0.017030794056556386,0.013406370782667931,0.005797871509165553,0.009192271682696429,0.017528027261168644
2020-07-15,0.006696767158100414,0.003341173722497537,0.0002895016826713892,0.004280472068526331,-0.0004628897694187728,0.0012637865641127455,0.0035565542763202895,-0.0013937660087458559,0.007598728704264257,0.009082050740923053,0.00671224362958367,0.012313401366281562,0.020386368885955353
2020-07-16,-0.007490995078225926,0.003518714994221961,0.002271519635680397,0.0013154924706197946,0.0008056705366947803,0.0013129542070287048,0.0009722064104820127,-0.006982875695927482,-0.003037635924594828,-0.0034061012455366413,0.0072539819730830235,0.0073315004582188426,0.020301915135903847
2020-07-17,0.010294005351706215,0.010800732864980178,0.004322071865044519,0.00783016307234985,0.0048491631945728475,0.0027923556289639606,0.0020102692285239865,0.009037831673136765,0.010351015431738775,0.002848612194617406,0.007186417823542124,0.012571334050119898,0.021592970612751117
2020-07-21,0.008500471345447513,-0.0061940739456108895,-0.0006419092797901316,-0.000990671614886196,0.002988526885808307,0.0014239351938236666,-0.0003438494216848609,0.007568694550620814,-0.0019240405939828786,0.010100091653143739,0.007827920835178359,0.012585170340681406,0.01652783742286945
2020-07-22,0.007060321513167933,0.008099053392675248,0.004466383396106499,0.003497021454013094,0.0005930417889665751,0.0018537149976536327,0.0010767403862157465,0.004705769979288288,0.004458522321296732,0.005747082068739751,0.00855649221053878,0.012666244458517939,0.017953870946307626
2020-07-23,-0.018968336524994855,0.0006663549931418267,-0.01553371342581833,-0.008738129046332643,-0.01193531114964319,-0.01218845616735098,-0.01290118713606192,-0.021236203194098913,-0.008677964208604338,-0.012319859824193036,0.007907969254169922,0.011022514071294509,0.018141120575996927
2020-07-24,-0.003641342067483677,-0.0070002675220512955,-0.0037183610775995968,-0.007870690213384268,-0.004082963982721455,-0.005629665569886644,-0.007216715385271577,-0.004594460118306887,-0.0033517023600775353,-0.006190400054688405,0.008600480571997915,0.019407716693729204,0.018733150579406832
2020-07-27,0.010700786776766558,-0.0024277479856734674,0.0009835389547252493,0.0061349278611084745,0.0013114416918014182,0.0032567868653960996,0.0036892243849622197,0.0109990353366487,0.004253818819597965,0.007395138795039502,0.007655241254999945,0.005246196507532108,0.012943658358119503
2020-07-28,-0.009274478265255293,0.004178033602471931,-0.0035859213014935998,-0.0034167647962639602,-0.005986239338540811,-0.005604711646441496,-0.003646944497800675,-0.007724749893621041,-0.005639671113768729,-0.006473392152297919,0.00791778615563321,0.010884962349958949,0.013708885305234508
2020-07-29,0.02095250667517834,0.007469468685138869,0.009363666026893869,0.013766532233075779,0.009648398299047622,0.01012022049042649,0.010389043034449763,0.01289401783830435,0.010679734619389203,0.01242838167815008,0.01064145713720066,0.013865329301570917,0.014843174490358768
2020-07-30,-0.002766190032558735,0.005702602699828807,0.005658951860226802,0.008740956343844752,0.004084422963009038,0.0036723816999761905,0.0033951905227975754,0.0066733152275482155,0.0037886322518010385,-0.003750251937389204,0.008745356215849487,0.009456608714628612,0.015725608994321627
2020-07-31,0.005795712680043863,-0.005005330580961198,0.0019082668678416237,-0.014596706154199723,-0.00011550952232775025,0.004059869204900313,-0.001428289890957224,0.004777483983421371,-0.00433043607773731,0.007670504990141325,0.009182774668303528,0.012034301361965927,0.015225375281316511
2020-08-04,0.01136026018925862,0.0012355638464431884,0.003867636268644503,0.002250781259203638,0.002363994552977422,0.0052034770054441015,0.00593135593321259,0.00912282303467693,0.0031656528403518625,0.010818891178032697,0.00840779853777418,0.011621433542101656,0.010941400631761411
2020-08-05,0.011242921113878035,0.004356925037768189,-0.001433683030709898,0.0020889391414560254,0.003751226940526653,0.0030596410870198376,0.006669429676642746,-0.0023175355690712163,-0.0033099722855174374,0.006429743053199433,0.00908956646661574,0.010318497626745637,0.011137071519398356
2020-08-06,0.01109273310327663,0.0019015375790616407,0.009888512602518551,0.004638352260697198,0.008656565697130914,0.008018018646817282,0.006899891701420913,0.013535477053933986,0.005332024664001178,0.00642769555966427,0.008262593469757107,0.008374753183087114,0.011297440312954432
2020-08-10,-0.011075330930880645,0.01081616419361775,0.005297873681760379,0.006588104920498328,0.004355202064002084,0.00758365683205886,0.00449783453719399,-0.01707798429062224,0.002712919801100888,0.0033769837483295095,0.0027816051802544983,0.0051057622173595885,0.008269093120142568
2020-08-11,-0.010280359687104279,-0.011455646216888993,-0.00978486726505845,-0.006029616395256454,-0.009740089494077231,-0.010863000147984248,-0.00703797785189042,-0.017869295205571123,-0.006642816945868768,-0.007969132154236114,0.008515195107633433,0.011413115186700074,0.010890430199251178
2020-08-12,0.01837411911272291,0.002917980526254027,0.00911266464414262,0.009021609397916963,0.01229723048693443,0.009490394400649249,0.006926058176163652,0.013113462915037788,0.005735404911121789,0.013996549490237653,0.009703397148467685,0.012588872219685632,0.011018435572764051
2020-08-13,0.004494470226831471,-0.005182113491572271,-0.0032903042583569686,-0.0035455651082521022,-0.006220017642826647,-0.004418841000539242,-0.004993999462108212,0.0026990806794504607,0.0009976875082211567,-0.002047174350497949,0.007367567499081407,0.006763720690543762,0.010040427058080947
2020-08-14,-0.002509997793616492,0.000556471303182704,0.0024683602611836886,-0.0005156883652815969,0.0019487879719952694,0.002946532592299933,0.0032197492688255114,-0.0011731485574487666,0.0015718276654763663,-0.00017188262276812694,0.00770986749844349,0.008893723206859105,0.010973991693457918
2020-08-18,0.015600120764847736,-0.009408729722585885,0.002232329672019029,-0.003353654636258474,-0.0001892825289517841,-0.0021384482111539427,-0.0011992946148134953,0.013333701485336968,0.002412645810131009,0.00501947348694487,0.007255473913525101,0.008633093525179936,0.007419515752074446
2020-08-19,-0.004245339055550246,-0.003930190565771263,-0.0005611160444893848,-0.0009835430080618046,-0.0022672160540527786,-0.0007367053356541753,0.0007282449286616366,-0.006554449123460038,-0.005355065093455624,-0.0044043954214108005,0.008620636986259589,0.015753891955591293,0.00828442411369723
2020-08-20,0.007513823161082511,-0.007386907157110545,-0.0002763756196955125,-0.00347183305313159,-0.001290416919310311,0.0004915305433539352,0.003116417124781945,0.014285169671483189,0.00698505493170698,0.0031586327691348615,0.006838776894747101,0.0067167368870977295,0.007992321945982095
2020-08-21,0.006105887705250668,0.002134767217617517,0.0037351451665239566,0.0023398765970981117,0.0035294258347629004,0.00399438543013253,0.0022871664012054094,-0.0017387385280630552,-0.0016454526451179508,0.0034411070444764214,0.006732163376790501,0.004609692484988104,0.00840511508137376
2020-08-24,0.002561365627402168,0.0055429268848044,0.009820331379393643,0.00980499546069602,0.01063139114716738,0.013544223826544632,0.01024394377133686,0.0037113173029776902,0.008017253955223236,0.010043718303008653,0.0020183725169875544,0.005390189854464822,0.006102983046523347
2020-08-25,0.00715169210567268,-0.003737034389007965,-0.0009380757151505881,0.0027228099688925145,0.00218725957922139,-6.091908578220728e-05,0.0017885403851793935,0.00978027626040534,0.0028966767217972755,0.0035963511532906,0.006734046512177461,0.007922797402752035,0.0064691542562886895
2020-08-26,0.012510574846454015,-0.005218312097893696,0.005841594876717204,0.0016394911665169598,0.010061951793482127,0.007787793712990654,0.012693407408842061,0.020234685811564734,0.0018706109455186581,0.010195626139483993,0.007627809821098452,0.007446808510638281,0.007734758046069379
2020-08-27,-0.0020450327136450897,0.006468428726722042,0.0014785648329567191,0.0008184525987260383,0.0008467711367798891,-0.0006581424103517808,0.0007062159237707366,-0.002435992786100183,0.001914564426426013,0.0016730440109038458,0.0065684887235120115,0.007919746568109787,0.007637300345653131
2020-08-28,0.010165584799543215,0.001070427172711108,0.0030590378555934716,0.0068997357143574245,0.004354867182194244,0.004849319951865105,0.0008726935094844901,0.003113000360551732,0.0018797865666519975,0.00673256535528588,0.005900831323001121,0.007159071066876299,0.007923753269632794
2020-08-31,0.0008943586635001832,-0.004298415629460428,-0.00684368395228796,-0.008679738344416377,-0.008243884117854372,-0.00696535739711468,-0.010027789321869873,-0.006577884720349592,-0.009897742051218072,-0.0021949627140287475,0.00216683488147984,0.0056195882791445495,0.005332240436974667
2020-09-01,0.014338481630544297,0.003971766837193691,0.009306474455245128,0.009728551972806754,0.011143499119451006,0.010709295790916284,0.011309213744575386,0.014772338440341537,0.006446486997055523,0.007525003016613407,0.005769526204687292,0.006728630894679899,0.007063361067640717
2020-09-02,0.012058778664768344,0.017441322454291974,0.012507851079839538,0.01688641960955639,0.012631844726119112,0.01371651180887934,0.00989785587474068,0.015015347557436609,0.01903929401108817,0.015365910154807594,0.005855231522077231,0.0075332766921552,0.005091918366587844
2020-09-03,-0.0446965336151709,-0.014422225725187365,-0.02763781754763217,-0.031915394490555804,-0.029445052953233075,-0.028563166958006203,-0.023461234192880043,-0.039967614809651275,-0.026267760775271154,-0.03512584371534122,0.006029246344206873,0.005959073532718628,0.007372944691103278
2020-09-04,-0.020317752709715142,-0.01027338781201348,-0.016047499073677418,-0.013959712922073209,-0.015019753339361008,-0.014543051365486503,-0.015155225330413136,-0.0211694654249468,-0.011730123170732076,-0.008133027264274895,0.005584999329129259,0.006594389180730964,0.00846181989147543
2020-09-08,-0.030636331826002006,-0.0005560160017751281,-0.011485897371819265,-0.014836505787560461,-0.01479361354481401,-0.015247409351115349,-0.014668809932930515,-0.02865680694308015,-0.016417531427663223,-0.027756342102360998,0.001912098569507803,0.0018175809649703112,0.003566410772830597
2020-09-09,0.02854459363200723,0.007736888809372289,0.015671478591381183,0.015112941478946595,0.016079387091382014,0.01509914810846702,0.013140083635955646,0.025301567165573635,0.01882025145890487,0.02014498633677464,0.005983841428202075,0.007367089999450238,0.004899091240556652
2020-09-10,-0.017045194912987838,-0.00619125161025913,-0.01431869861957924,-0.012014812017601795,-0.012547197442642544,-0.015290280564726033,-0.01330238746427903,-0.017113997143769932,-0.014346617110369109,-0.01758479659017942,0.00634734925728897,0.007094908039076531,0.005926144320778315
2020-09-11,-0.003451140611117065,-0.0002563940821050936,-0.00032663004526034545,0.005075909207664209,9.112499293228993e-05,0.0005402840939539022,0.00028093852977084666,-0.003934560209861826,0.004517639256273798,0.0005330721905940639,0.005514146638271988,0.005202406112827074,0.0070434464574054
2020-09-14,0.017521078663182088,0.00957371255694528,0.011545001798373145,0.013835476362032306,0.011515923739355838,0.011744354440397453,0.012118326663854928,0.011620065226210619,0.009336948834300474,0.012741829089357504,0.0021846953235711286,0.002995934089450092,0.005191143944304422
2020-09-15,0.010865556192506398,0.0006773806773630042,0.008120892016863612,0.0066936339960954605,0.010052438658544993,0.0064866986124594295,0.004462923999219548,0.013775748911278196,0.005773057210996857,0.005219359577689042,0.005538207741707435,0.005280563260080973,0.005349852478333306
2020-09-17,-0.02149269710746715,-0.012370189346154081,-0.015300220430677691,-0.008659310119998542,-0.01604118098134788,-0.015084970156453603,-0.018440956790051866,-0.022315433425817655,-0.006394865812783035,-0.012992456203883118,0.004657883732870349,0.005063024102104352,0.006636721682730329
2020-09-18,-0.008241066265888719,-0.004030865171906539,-0.004551513739011193,-0.007435119353336073,-0.006545866795450994,-0.00832160386185088,-0.004532153051361565,-0.012332915413871604,-0.010339663409145272,-0.011182581807410497,0.004746927141780821,0.005562260586660983,0.007083487990520165
2020-09-21,-0.005563159931534778,0.00020647699549303233,-0.0015891027292728177,-0.008276634090204738,-0.0032897355286765073,-0.0033005087072085493,-0.002822177773683432,0.00823319052869631,-0.004866402139165782,-0.011571097930805796,0.0014652052851675812,0.0037342461490585954,0.005803868030100912
2020-09-22,0.01656067664124672,0.002829389332354104,0.01072263004242191,0.009613412292384993,0.010479940719081648,0.010096493888501312,0.010390433388893783,0.021247270127881857,0.012538710235650674,0.010517945160813724,0.004472490797290396,-0.0014984756885237926,0.007217908003131379
2020-09-23,-0.027520750832562668,-0.006440376749117904,-0.016982743995491045,-0.013288673528558004,-0.017337804655998768,-0.017869154664814757,-0.01738452101828758,-0.024137261102396,-0.0161301583473209,-0.023721455093028143,0.0059920589668363,0.006623887393914396,0.005778179523815874
2020-09-24,0.003815125955461962,-0.0005566948378016301,0.0025927447603752984,-0.0020148518336031707,0.00047063832347249424,0.00096538722900541,0.0028220698062393357,0.0065790936729932525,0.0047935235588523195,0.0029874591429570607,0.004833108337884751,0.0052950853382685015,0.006303948312889052
2020-09-25,0.022676823148611636,0.01571341928049108,0.01674594265855478,0.01880778249294779,0.01915841162822529,0.018294104913830544,0.014469290745179997,0.020077313028164845,0.012733031710125964,0.0159767237756141,0.004343233375722955,0.018614165175147024,0.007989817528397447
2020-09-28,0.015422705041252316,0.009008464779924896,0.011314882184965347,0.015227357521528928,0.014943375729146169,0.014981254792876486,0.014234855243752342,0.013297218153687673,0.012494444198544619,0.016110590199083896,0.0012484394506866447,0.0035411471321695753,0.0050135692046444635
2020-09-29,-0.0009504876400627804,-0.0032484948699368354,-0.0032919460461316996,-0.0006677875491128971,-0.0032728811012692205,-0.0038264874901554613,-0.0022976593506170984,0.0016408704127977014,-0.0019965817445852796,-0.0048126645432444715,0.003669687569693547,0.00626211420903533,0.005184570044928893
2020-09-30,0.009460133956282535,0.002671491018517269,0.0016779848948951237,-0.0016448002127054107,0.0014065897779973469,0.0028275959601613554,0.0006881967899885488,0.0030899035770566297,0.0025866725223080422,0.008253718228220741,0.005373303167420795,0.007062774732059074,0.006300194172632612
2020-10-01,0.011951218088348092,0.004203172304735547,0.0031741756279577427,0.0029861794559415955,0.003250880504671816,0.0022462907074793925,0.0019297931826525172,0.006984092413252929,0.0007277153390583546,0.005292907769290922,0.0043299176210569446,0.00500245218244233,0.006373811497452531
2020-10-02,-0.012261323889303677,0.002842113599186069,-0.007721330606168975,-0.008623847192802181,-0.008297487764635125,-0.007051647180808418,-0.00618234056744138,-0.01816977994078628,-0.006822202189357918,-0.009577652178616392,0.004211221254163622,0.005855943782939743,0.006846962011253455
2020-10-05,0.018999414009212456,0.00823852469245856,0.01099161930368453,0.01563713820075785,0.012130149324488748,0.014724906509996138,0.012747843306338602,0.014741230979194553,0.00945436470913874,0.01797270867614209,0.0016394092183336095,0.004004052293887783,0.005131238575953434
2020-10-06,-0.015616364303472352,0.0019430966336579925,-0.011982501024985215,-0.00790215082611101,-0.010160673717000246,-0.011359386852434095,-0.010063276216080608,-0.015731419589787077,-0.010812041690013485,-0.013973515692226712,0.003031157130636508,0.0077359215837016215,0.005252980376035721
2020-10-07,0.017463064979407417,0.0041108765288235816,0.010308755026718908,0.022610511549751244,0.015699052825011384,0.01490570803364255,0.015231728156261504,0.018286658655336074,0.016326200255445844,0.01739675486921799,0.00457982903286247,0.006627568778906134,0.0068895326078446395
2020-10-08,0.0047765921731686145,-0.0003343090771250612,0.0029149833299542127,0.0018593294893070045,0.0006357268394259208,0.003211941829281084,0.0014336424547691795,-0.0006073957548116127,0.0008338222300481313,0.008010123642494982,0.004804318488528914,0.004973474801061029,0.007389077663871424
2020-10-09,0.01240380086587134,0.0008586907615582007,0.0050595384330307525,0.00506594927832249,0.007016148241195674,0.002897851298162779,0.0032892076638266765,0.009486592798519267,0.002895433814090964,0.00879353312061526,0.004463893257274476,0.008059574869208719,0.0075705432463222255
2020-10-13,0.011605696525291753,0.0008538629292336175,0.013284655521510924,0.008833219125305769,0.010660332464792921,0.010786903770062306,0.011136899193596062,0.019772318105582887,0.00842117707903367,0.010005360766979443,0.003466689842309023,0.004900827592583923,0.006057320269092115
2020-10-14,-0.010722871870340489,-0.005118728207850087,-0.006350589331000411,-0.004155312053178983,-0.006424398601239334,-0.006275967280037875,-0.008439757425288463,-0.010507381875186517,-0.005874928885577835,-0.006623141753502759,0.003854074444743727,0.007085346215780941,0.007346068486559831
2020-10-15,-0.0018805448904696265,0.006342263523344771,0.0033401429406634264,-0.0023347515671600094,0.005122351990766161,0.004165354425668344,0.0032481555849119825,0.0007307410238472922,0.007849225458040676,-0.0015277553060997207,0.004448001993931916,0.007400977660011909,0.008107998266821514
2020-10-16,4.648537489604365e-06,0.0005968683959363119,-0.0029517605513242895,0.0016929096469069371,-5.021147559347572e-05,-0.0018481427856469335,-0.0018949566168529053,-0.004108807417411042,-0.0018967763477896193,0.00013491955745537076,0.0042517453152064455,0.00684776200625814,0.008657487282637044
2020-10-19,-0.017969374504642532,-0.013358047557461616,-0.017555287000054376,-0.015061114226082695,-0.01873434619983605,-0.01637264882781686,-0.015551901456444583,-0.01993455052888493,-0.020861174681260253,-0.016329861778318078,0.002093206764412603,0.0037515073020411016,0.007128777123513119
2020-10-20,0.004261947316399617,-0.0012342289651802174,-0.001491887051855656,0.001110237624927013,-0.0007578346309939921,-0.0003182283792856344,0.0003636388095515919,0.0009694247061289296,0.002561383577348586,0.004727334073110212,0.00392776310826104,0.008320355951056735,0.007437328651616726
2020-10-21,-0.0031603021453706637,-0.0001753418828294162,0.000805307641100983,0.0008066112701929917,-0.00189855296022845,-0.0012218516886324249,-0.003139604614054714,-0.002118320256553452,-0.002782453672316665,-0.0021956999281005363,0.004936288530996258,0.008516459271026289,0.007660540647262959
2020-10-22,-0.0053490363277994835,0.004196439330267587,-0.0015775723480785375,0.0031229674435495625,0.005655184053583229,0.005167963006138532,0.004619270123703334,-0.0024240721402787324,0.006529518359083442,0.005218925396392127,0.005113009665177248,0.007131918617370392,0.008741269525077477
2020-10-23,0.005018337551925711,0.0012391333933758908,0.005143362845032806,0.0038664153033809434,0.0035835403843964553,0.003036547708465731,0.00408105374314105,0.0071744817836694175,0.006396792261688766,0.003445761353703114,0.004412763068567527,0.008819184985663364,0.00990073011814685
2020-10-26,-0.020211625618918205,-0.005349070643631104,-0.012129012295394759,-0.015856409242664737,-0.01354401785980186,-0.013237640086013025,-0.013557380837851407,-0.012597148025070504,-0.014264831998734073,-0.018589516294535646,0.0018270177731551929,0.005209222886421783,0.007400422721292932
2020-10-27,0.0016647198051245038,-0.007281729489594824,-0.0030908110298898395,0.0019313905100410977,-0.0051370072542787915,-0.005448399213121791,-0.006235990680701353,0.004087327648404582,-0.006640789689401072,-0.0030256189119989285,0.004235361131144533,0.0067538866706311484,0.008368114097738744
2020-10-28,-0.037888842206027507,-0.014464114512801052,-0.022390642911584546,-0.027646735374308395,-0.024250484737665334,-0.025024983395599998,-0.021977156453121927,-0.025772321077027094,-0.021003447952128496,-0.035287878760604796,0.00478928517517252,0.007679000886038567,0.009153747000769652
2020-10-29,0.007293316221475221,0.004570633094261867,0.008028252680564174,0.013981717791997195,0.009281323766134442,0.011979724800009972,0.008667339479314418,0.014037607821468123,0.009729782960013367,0.011947330894238384,0.0048256396248747,0.008332286563664582,0.010170696761868214
2020-10-30,-0.0213154453510237,-0.004367198970612551,-0.009525442290890251,-0.021043444092881836,-0.008053598520519789,-0.011968575806727833,-0.013005380978135306,-0.02300762863868644,-0.00813097426097098,-0.012129550130175693,0.00429050380572682,0.006145668964371742,0.01103462168604774
2020-11-02,0.00787987442390703,0.005670676430688415,0.003973266035902645,-5.262826560892275e-05,0.004163068624001953,0.005978050199837215,0.004292785084572204,-0.00020739695892235677,0.008949476282102742,0.01231820260127181,0.0021297105835407226,0.004211473197857529,0.009064100702382616
2020-11-03,0.015245020406651433,0.010110623842922273,0.012821557558885477,0.008619860867602025,0.01244722096784856,0.011346766510321515,0.014817579237339507,0.0027246832649137076,0.003915695883234704,0.01779929009643455,0.006787168359357443,0.009609120521172576,0.012910867984601504
2020-11-04,0.04847308210807966,0.0074052003843281256,0.02463414670300912,0.03809270310454527,0.025299182849004564,0.021681868135847715,0.02049689787885489,0.04679675406774164,0.021603080676617203,0.02204704770168342,0.005026063539042003,0.009880625907404461,0.011263595726217934
2020-11-05,0.020916891794220183,0.004010983841785443,0.005686573841069187,0.021685714780856014,0.013026182146484544,0.012115982411010862,0.013833402427199548,0.01285176562446333,0.007698103833452485,0.01946019413896294,0.005102627366708301,0.009384609240844943,0.012507027275812765
2020-11-06,0.006029587725232988,0.0007101834492722059,-0.00016343176987332342,0.00899123723600237,0.0009262979137016902,-0.0011161501143106545,-0.002264194582667134,0.003339212584044793,0.0037726122963115394,-0.00028771518741854685,0.005213099176462288,0.008783035290394148,0.013490719176031396
2020-11-09,-0.022355644516890538,0.009963769621556207,-0.004750127529590031,-0.0109562953745308,0.009459615857338566,0.008513476857669566,0.010773582265264592,-0.026788516437328602,0.006673967244472445,0.01169988923568721,0.002507224020683596,0.010379952747976207,0.011828399447316063
2020-11-10,-0.01754487500240387,0.0049184333804555,0.0008590202831908478,-0.016493573838363584,0.00016710802422581494,0.0017986700764642816,0.002935847395638458,-0.017715547462079373,0.0036038698274218905,-0.0013997945931910616,0.005886126426020377,0.009506650822248552,0.013384951558301328
2020-11-11,0.016497847432421775,0.0023101557635507586,0.0124508007886317,0.017871463453735137,0.010836867206714285,0.010150116227410244,0.009045532282152324,0.02502023498277972,0.01194670061297054,0.007651855318760337,0.006795363467919202,0.009455097778621635,0.0145491543139038
2020-11-12,-0.006400581923933335,-0.006788133394812101,-0.001975865903616314,-0.0016721780564762367,-0.004131966649813967,-0.0046520125724303085,-0.0056900362878272714,-0.002959602133363437,-0.004752893303288208,-0.009978532303877019,0.004759316404661762,0.008238037917544405,0.015128825780251987
2020-11-13,0.010309790113575579,0.013870230942807815,0.011141629705654799,0.0125622479333376,0.012774661379545638,0.01460454187728577,0.010190216209884806,0.011661419385150085,0.016312078563695653,0.013610335409063534,0.005541853560459886,0.007237995746744774,0.0165201513436688
2020-11-16,0.004767851482571084,0.00604831855245247,0.0026765107768063068,0.003162334533754807,0.005576014420191067,0.007699397475822156,0.008016956641011763,-0.005037608998201604,0.0012473554258933817,0.011648051240012336,0.002549081364829453,0.006160841981737608,0.013559904049870397
2020-11-17,-0.0015155799711815687,-0.0072078653657261516,-0.006987474681203865,-0.004801349528514187,-0.005289631408449735,-0.004683035838811245,-1.5772178219131128e-05,0.000184591860856953,-0.0018220413538256874,-0.004791925698091615,0.006505202486470241,0.008893100557641143,0.014257059530756733
2020-11-18,-0.011405885234384905,-0.014552728750748534,-0.01170996413013492,-0.013450339688373392,-0.012924622961100751,-0.013717504989380402,-0.009354355199074127,-0.012514811978186269,-0.01336330272767372,-0.011563829610944043,0.00784485090621545,0.011126765651529924,0.014794902996728698
2020-11-19,0.0039893393786827325,-0.0004321626683835289,0.0022722409480502304,0.006471078944675801,0.003454014802382721,0.0031028173849714236,0.0024510783223468113,0.008744086800903661,0.005750097719526837,0.003946442467421596,0.008299954577362989,0.008110329057844146,0.016287594623564994
2020-11-20,-0.007722975039706759,-0.0036852985614895806,-0.00547982840547212,-0.0031902102604965954,-0.004591064047411164,-0.004594903512799897,-0.0025458425660507267,-0.007790455927916051,-0.00939766711474066,-0.006792562915180156,0.00782209845196169,0.00907286645874672,0.01681385168566618
2020-11-23,0.008536876075546207,0.007385405606097573,0.0012720302206066236,0.004480532036649221,0.003278377348402417,0.005081767590880304,0.007050731391677667,0.001920653902559355,0.004640264213141565,0.005635930617216234,0.0034317117523052776,0.005619536561676242,0.012613807494295637
2020-11-24,0.009235908207174903,-0.0016164143880208481,0.0041172904366342244,0.005931096291239335,0.007358969100577317,0.010048486802738399,0.012175952642079269,0.0015354227643247231,0.008212169311357709,0.016161668273416252,0.008383550439625242,0.008796136598827164,0.013407423649318906
2020-11-25,0.005448436579599036,-0.0016847896242792038,-0.0011774386694942685,0.0004385916810896173,-0.0017418662971839804,-0.001654604852614816,0.0006155979404185441,0.004417344255889022,-0.0023832551141520497,-0.001584418237524976,0.009069294018480445,0.010087194392203847,0.01497756892608959
2020-11-27,0.004283424595592722,0.0008973597133536959,0.0024204858130953966,0.006283167367402864,0.003912708189229841,0.0007149287861178966,0.002408572776942508,0.003630420821379321,0.00048118865035351455,0.002396979198154181,0.005501977028070204,0.006234624069018979,0.015412431375101843
2020-11-30,-0.0010277288991236144,-0.0057039891685466415,-0.002933905202503362,-0.0003871936217374472,-0.004447255211524115,-0.004764574016075662,-0.007119970637251005,-3.5125817492653866e-05,-0.003839164508602111,-0.004595548640170977,0.004009232446559707,0.006441170641474425,0.011203803846397076
2020-12-01,0.0035633786359619,0.0054265207266790405,0.0075957601408436215,0.007892703052459593,0.006498079390841793,0.00824970750000431,0.00783103249317496,0.009322585293972008,0.008193683103184801,0.011271187194776155,0.009584504601640509,0.009189668187338018,0.013380219698417628
2020-12-02,-0.0006523736981411954,-0.0030730023425120656,-0.0027460087583760506,-0.0007206964502607383,-0.0011549355687070495,0.0006746522482010686,0.0006497210482061533,-0.005765769357597095,-0.0039789792801430135,0.0017911667548251575,0.010721682514617914,0.00939867963185792,0.01482471112148831
2020-12-03,0.0013569159400492747,-0.0038664536389179105,-0.005869180411558816,-0.009951866955091981,-0.006024962744820339,-0.004551455384479874,-0.003786521840783985,-0.00678024921482312,-0.005771233439910484,-0.000624157213091503,0.01064945847013088,0.007668019846639673,0.015530328054851106
2020-12-04,0.00770192244751966,0.0022203480973603806,9.839186011806333e-05,0.004904570977162015,0.000494674407923057,0.0018654701624900571,0.0027163592849814844,0.0014332030561652331,0.005656930470632426,0.008836275129611826,0.009570146221976605,0.01061516818007413,0.016285754954871612
2020-12-07,0.0006145857332555682,-0.0036991879020008556,0.00047729731374324125,-9.668544951269009e-05,-0.0002717282323424497,-0.0005402975893090689,0.00025478391765032526,0.0037123101575586848,-0.002264566860898376,-0.0019356376714373402,0.004711266166467221,0.005446691291554506,0.012312005303387386
2020-12-08,0.0035652793793123916,0.0076624380932275304,0.003494253534122471,0.004156217129875239,0.003961358208125709,0.0038499269512028977,0.004387433478328484,0.000701925156100458,0.00046624955535534696,0.002787148065356293,0.009734304342298827,0.008904109589041198,0.014565804379837788
2020-12-09,-0.01605548452454919,-0.0028119478374999396,-0.004324490540669079,-0.015785884922380533,-0.00874808878679012,-0.008038791681215351,-0.007302855623165239,-0.017142455750695285,-0.0056909814521775015,-0.007949201604598555,0.011399485602259007,0.009689563661050338,0.014283139340813156
2020-12-10,0.000439681873349862,-0.007468748966436123,-0.01019845136343489,-0.0013203142415048053,-0.010173038501566256,-0.007441183983419641,-0.005411849923666723,-0.004590167393492828,-0.010552816568866419,-0.0012851080682624305,0.011139406182868461,0.006081907090464522,0.014349573107899527
2020-12-11,-0.0018091346050536083,-0.0011563847991611365,0.002794844198876323,-0.0012240913734198333,0.0028950649814996066,0.001520260382755101,0.00033555050630029726,0.0048039930820584775,0.004271933303963138,-0.0012649972997506032,0.009662464473647159,0.009660074728879975,0.015177049348134242
2020-12-14,0.002870830834825977,-0.001890723444978648,-0.003320819796049035,-0.0009315132077669652,-0.0073656903158069165,-0.004846986219009808,-0.005617686095847119,0.0030327575585433753,-0.003058601898368707,-0.004359258971957769,0.004662573314412777,0.005941362632113201,0.011885484988430672
2020-12-15,0.010525728866687123,0.006408867795604456,0.007203592017011484,0.004907030908894328,0.007079559501009136,0.007626639520401435,0.0053437524595101316,0.003414808727459029,0.007755776472863962,0.012921249154708825,0.010000068399920625,0.007865135191285955,0.011741747192741014
2020-12-16,0.008124047515585708,0.0011525302407724425,0.006614104670208842,0.010547370589669702,0.004602274243116655,0.0055928778864642315,0.005215666395715246,0.010896454438998004,0.003287743899879736,0.0017727951669590514,0.01169232227873307,0.008216031568408111,0.014072314015955767
2020-12-17,0.008503169398907051,0.007118505001001418,0.004422165561284608,0.00787630390022609,0.004801353394498609,0.00487714951782614,0.0053868347941845585,0.005010335290139389,0.008735995013196884,0.005757654753379748,0.011597355869801707,0.007243625317638891,0.014391272623371476
2020-12-18,-0.0015363135151115204,0.001167770872845697,0.00439436998554199,-0.09655767370401935,0.0018639782682794426,0.00011438065722502166,-0.0017375148581115774,0.006664668397557083,0.0027306267934936734,-0.0035111185091528663,0.009482530439385961,0.006698564593301537,0.014117967999638381
2020-12-21,-0.0031910993750647876,-0.026564196076056756,0.0023511158642213204,0.0024410702246215887,0.001240311845458919,0.0026410454816263584,0.005060674579547175,0.0044670825993768926,0.003285325258460592,-0.0039062790518439305,0.004782184424296121,0.004224950042820419,0.010095849967856507
2020-12-22,0.004804324493074219,0.0021981932422376893,0.004152218010782249,0.005399745552212343,0.002161206195797627,-0.0018801858011663342,0.0007806447433382768,0.00629335355289018,0.002188080851508456,-0.002073092860288006,0.010088049343649708,0.007106714423787519,0.01075272770909863
2020-12-23,-0.003876922911546399,-0.0023069909510164965,-0.006158372423870073,-0.005107419919379574,-0.004922280232175558,-0.004895859596885321,-0.0036159295589334173,-0.013463998465546134,-0.007727275272417677,0.000745811250824957,0.010802326654971939,0.0075364118776108935,0.012375565558484514
2020-12-24,0.0010311803921687623,0.0021772768369712203,0.0038503395851925415,-0.005186534553040412,0.0016399840416478906,0.0021835448553040315,0.0004510110617854668,0.002046512198394579,0.003894485149454008,0.0035365890047962534,0.009316770186335477,0.005715086146519166,0.011252878226700957
2020-12-29,-0.00037826348977498814,-0.00109048942087131,0.0026917007309323893,0.006543554050809641,0.008605562000166156,0.00388297150855621,0.004005774213619251,0.0030483636817464355,-0.0001997628356810166,0.006475720104268667,0.010079187045685778,0.0075740883551833615,0.01039510065957261
2020-12-30,0.0028360928780846173,-0.0035616468311456817,-0.0057595144547323285,0.0005285533214329785,-0.003410239983100194,-0.0023869339926139155,-0.003308451934514567,-0.004085196696717142,-0.002981688424047224,0.0013415471654707467,0.011832344776323112,0.007435147472869996,0.01182442946004647
2020-12-31,0.004651445954898525,0.007719822764061579,0.004000432496240602,-0.0010565482008050298,0.004056549587974967,0.0042647317971311605,0.0011754868180724465,0.002287556536922475,0.007297367989568704,0.006438845522919845,0.009885908756990247,0.005725139058472495,0.011520751876146207
2021-01-04,-0.01616614260244198,-0.010187743674783922,-0.010077526565118178,-0.012903198475412103,-0.011010954888387658,-0.010843185797520083,-0.005270704050633457,-0.015937360090269137,-0.014692043794072407,-0.014754827521051062,0.004506853505411357,0.004087302647396651,0.008744181879138946
2021-01-05,0.011863809843520867,-0.0050423194232551705,-0.007265889565810535,0.0038573075178105487,-0.004357768738520673,-0.001823437600283695,-0.0003067602703695771,0.005743182158907345,0.0025849056500697465,0.007082595157549276,0.010104349742750873,0.006784441015271536,0.01057535022113254
2021-01-06,-0.0009319832582925791,0.013029955222689127,0.006026180377441959,-0.006937830188976979,0.007335093328762143,0.006061868742428533,0.004025913869055042,-0.016737468869718386,0.008080515927215925,0.005709842747752214,0.01120343625640996,0.005893078935546026,0.011950684177433502
2021-01-07,0.02248384953263627,0.005373052878249185,0.012201044069442668,0.021442399618448293,0.01281213171591844,0.015387469012797528,0.01465058423784571,0.02271877480962714,0.012358799892326244,0.014847403800101189,0.01158188240371616,0.004518705338377504,0.01284137251630102
2021-01-08,0.008437954318330387,0.005775383926692745,0.007080543497884673,0.008207509737442775,0.00804323878667268,0.006731368871665033,0.0053611285024064426,0.00642273258077064,0.0017468114390841727,0.005491862685268911,0.01061002001308009,0.005126059211214562,0.01375411242466762
2021-01-11,-0.012749635861773578,-0.0009320631961704517,0.004088495128256708,-0.0005740061318227907,-0.0014753437515141465,-0.00014643768714028838,-0.0017876519407283853,-0.0031217232070440692,0.002964976837384281,-0.006554750898592476,0.004739479067528585,0.0030227871647805493,0.008775446852063773
2021-01-12,-0.0013186527982748109,-0.007884171442280374,-0.0065931247530052195,-0.0048559111274349975,-0.008703390283429258,-0.004691058997354891,-0.006171287482376497,-0.00874377623490663,-0.0055612577472484714,0.0004157884466327033,0.011061964968629656,0.005821291502459802,0.009713347106605985
2021-01-13,-0.00021488630192456615,0.005335650249995716,-0.005422106823998352,0.0035153699234569125,-0.001142116406717908,0.0013226776210650826,5.1164145416615625e-05,-0.0008050944527598913,-0.006427300250664292,0.0022756417379066196,0.01100285638136067,0.005096161233322238,0.009905431765297346
2021-01-14,-0.005855949633555957,-0.007336697609179765,-0.012621115513902992,-0.004810156676637867,-0.013332629377912242,-0.008926839959119026,-0.008231343055520757,-0.017297042846626143,-0.01599169037078907,-0.0037534511943366766,0.01042509905841249,0.004331430900937683,0.009857429127991812
2021-01-15,-0.009015745214535187,0.00880857849925687,0.005273170020226203,-0.0014710453581003868,0.0033245381639996907,0.000813631879585941,0.0008877937223394916,0.0049328964930615005,0.0035821648681322316,-0.007190027975370938,0.009695586518417398,0.00527677710690555,0.010662758537412609
2021-01-19,0.011347204218732365,0.0026061537614812114,0.005411494671022865,0.017362933531420932,0.00691242162122796,0.008105850480409682,0.0023773498460624154,0.009577846879790908,0.004197571127507738,0.008136379515524483,0.00548570667226933,0.0032521952317814407,0.006130854220256721
2021-01-20,0.01350707990184108,0.0014015452536180195,0.0045713165533383116,0.010188275704989591,0.005615901214068408,0.006352176262089948,0.006929773888663782,0.015921519237388937,0.0028692317605114592,0.013935625421946263,0.011235181995168597,0.005909782310550282,0.007862914503464324
2021-01-21,-0.0006605144926740136,-0.006948250100564435,-0.002284465750450937,-0.0003584639580163085,-0.002321045930668064,-0.0006802971083541554,-0.001374350562594051,0.001422358160818149,-0.006143016528947998,0.0003167233075522802,0.009772274258700753,0.0034952900347049454,0.007680838650681032
2021-01-22,-0.0013487260212734498,0.004211457189714052,0.0046061780959700815,0.005275050997597397,0.0047764970210886215,0.004228434270648007,0.003780932876023657,0.004809254849170719,0.0020341729298392064,-0.0030106116552376383,0.009932246110078147,0.005088807094686398,0.0078121598560678684
2021-01-25,-0.004482336712456014,0.008033784855089099,0.005816998298459497,-0.00020376535442878652,0.0028997217346475868,0.005404840658077559,0.0019827505080585173,0.002921648966482726,0.00134101689201227,0.0036158389430824833,0.003883187480194117,0.0023698419291002804,0.00534876103041193
2021-01-26,-0.012298429310459325,-0.0035613947769151943,-0.0028285174195270546,-0.01070059029160031,-0.0044859476043124236,-0.005459505581374535,-0.005992367423200529,-0.006670180212201782,-0.006700335016750825,-0.0014888337468982327,0.009067002085847653,0.004314126937701168,0.005838325412251377
2021-01-27,-0.039089538304410865,-0.016477315774148016,-0.01561102987566576,-0.028328669506747728,-0.01897075153620109,-0.017592356268906317,-0.018842930838421257,-0.025087198699517366,-0.022624079128477304,-0.025677883699462,0.00981092846468723,0.004780973182866077,0.006103164708000763
2021-01-28,0.027636941756662647,0.004607835080593148,0.008291608410160745,0.018605875240491176,0.016870477776133264,0.010077963874097096,0.012721493757291702,0.01971651419960274,0.022310065080705987,0.009760625975629766,0.009558329401335497,0.004492536592435092,0.006196970746292552
2021-01-29,-0.020831398908530585,-0.009643396356140532,-0.021204918675285955,-0.019254732489782822,-0.01854922562285799,-0.020748049207614083,-0.01869577249031673,-0.017704150002296193,-0.016622028624957097,-0.019311475173124593,0.00826871555193609,0.004087717610849362,0.006542687698567917
2021-02-01,0.0206391250176019,0.015186391221901463,0.021329853545929423,0.031465482516882304,0.023178732722317186,0.02166991989345801,0.019571516264699218,0.027933564661377197,0.021511927257217067,0.016051767614439383,0.003614159545939355,0.0015262078504316712,0.004627179807818793
2021-02-02,0.0229869791243702,0.006089727106283416,0.006631898891551247,0.013735285234929062,0.009295104810498778,0.009017172436267762,0.01257070413557515,0.01653240394933575,0.015882522338808824,0.013898223484416938,0.008036869079264264,0.00357159864755463,0.004506852971585484
2021-02-03,0.0019153809468976934,-0.003547099903399742,-0.003216365414202338,0.002588074531203688,-0.002746355556374591,-0.00022481387230677274,-0.0017131938226504495,-0.006601712835447526,-0.0045746679036557936,0.0010087690809532646,0.008427923528887105,0.004152035683780975,0.0044616083106152615
2021-02-04,0.014566092801579167,0.011928145409197732,0.010864626238707098,0.01472897538393636,0.009780436513152413,0.014794606061357074,0.015649280045504588,0.01516329168140218,0.012165237046544375,0.010853322230420792,0.01182068483768095,0.003520544384849833,0.004705617050035693
2021-02-05,0.011508431782716544,0.004719050335752151,-0.0034864899868565224,0.003042643435982706,-0.002407391713949436,-0.0010162222405715182,-0.001519172996075957,0.002510437039070501,0.0004514201932253048,0.003897495164625342,0.007941560159055339,0.003625918252024851,0.004957205893687089
2021-02-08,0.01303137355630124,-0.000990926852852403,0.0010697388584155476,0.004525412203673973,0.0019669701396198835,0.005402372144229561,0.006960036825956584,0.0034154683542910735,0.003950667703745747,0.007399348360373592,0.002882332994235348,0.0012623015965778084,0.0029009237712747105
2021-02-09,-8.58833856050012e-05,0.0007582984779770374,0.0006432384181367379,-0.0019307655134006563,-0.004051576738476559,-0.004524276369557323,-0.002368847787261763,-0.0017331514199802056,-0.003288739171669941,-0.0011135249921484514,0.006136720422434738,0.003898863026171373,0.0034599360753126973
2021-02-10,-0.003106655755480192,0.0018800521274042747,-0.0020789380321114548,0.0038193330854658925,-0.0018538377264714079,0.00013211938365587095,0.0012297601576778394,-0.000985018312472774,-0.004833283979800873,-0.00034518493235935477,0.007517730496453989,0.0042790697674419675,0.0035298808601245124
2021-02-11,0.01041365992529042,0.004071897582718753,0.00037915791639497876,0.006522381846505221,0.002479333426417263,0.0014058138853731972,-0.00018474216374209096,0.008229992615835569,0.0031017018284271725,0.0016624551635393559,0.008388654847897525,0.0024777695442756986,0.003784357994346843
2021-02-12,0.011987088687044123,0.005052941176927339,0.0014447001866233489,0.008443739350754376,0.004147960761128777,0.004794869872961849,0.005073442864405919,0.007097936523768,0.005658588696798361,0.0047110331133788375,0.011656728984809961,0.0022637499711255504,0.00371903351510694
2021-02-16,0.003751598374996057,-0.011537821083682176,-0.0035648590034151884,-0.002093236683935795,-0.0036079827586917856,-0.002069021645547786,-0.0010035585104462008,-0.002958269000249203,-0.002758589909269915,-0.0005692724183511411,0.0028370370681014556,0.002755263701696764,0.0020488584632549767
2021-02-17,-0.006215329934983083,0.0028033471625852346,0.002838378573708056,-0.003366029674208959,0.0006895027507320961,0.0010187969742581071,-0.002073922635466907,-0.0012379156045054795,0.005126570800425556,-0.0003204020092266724,0.004909473737033654,0.0034346163533534035,0.0024269009510768935
2021-02-18,-0.008219269283473385,-0.0025462133077083227,-0.0026979856919916445,-0.008663731920333095,-0.001477739513157661,-0.0057413392482355,-0.004809317417991399,-0.00437960518538949,-0.0011561127894225143,-0.004415835627354592,0.005443116725307728,0.003217488533418633,0.0024204820361142243
2021-02-19,0.005999321398893587,-0.005347231654861173,-0.01026986252771278,-0.0005431135843848578,-0.013024395856735649,-0.00684512472736476,-0.005553612326663959,-0.01662840328718118,-0.016685695186770322,-0.0018548966445751658,0.005125997727757126,0.0027522518424165643,0.002698363854036545
2021-02-22,-0.022079493187608046,-0.006010299689180099,-0.004786008719132373,-0.02346607883921037,-0.007835953243611415,-0.007476391079779265,-0.005433636796472019,-0.02164024448795754,-0.006722216391254587,-0.0077328394581538396,0.00252480338221428,0.0011308123756106347,0.0018841274190932733
2021-02-23,-0.007479740373440125,0.0009614645057707261,-0.0021888819630259126,-0.004907174639394163,-0.0005584314483975117,-0.0012157219503040606,-0.0018177273907239444,-0.002350804459864575,-0.00038135562515229093,0.0012563181187927874,0.004569906725776951,0.0034789680567477443,0.0024739723643987244
2021-02-24,0.003840049459457484,-0.006475576687860696,0.00031365508258729413,0.001169329795316365,0.0033346987559881303,0.005366970048592545,0.005802997058978798,0.002399555218880023,0.004323967801998618,0.01135161376597904,0.004967287357675154,0.002566411526339518,0.002616178214954301
2021-02-25,-0.03989270718274185,-0.0022504387290394057,-0.00943252806503092,-0.02863967199764761,-0.01156209506976802,-0.017723496806417716,-0.013394870739223186,-0.035967468914513856,-0.023475284034809474,-0.02447880752512621,0.006338497586199976,0.0022903848744779687,0.0026915239311258166
2021-03-01,0.04099333600295063,0.01147371176670875,0.0181159417392196,0.03403214942908672,0.017993166700624785,0.023337315572441453,0.013638055674232596,0.039152748062881715,0.026633698472303013,0.018927538114974496,0.002465985887645683,0.0010911439196561457,0.001696295700331918
2021-03-02,-0.009124901270302077,-0.008601593778630234,-0.009389987783542497,-0.01905969644229355,-0.009149391980012411,-0.010819440401016456,-0.00496225931984251,-0.013295433819165536,-0.008928299903878334,-0.008080851690870694,0.0034252549119107023,0.0028472284011034077,0.0019101892051422986
2021-03-03,-0.02739873858689379,-0.008813744229337228,-0.009628628726261468,-0.022316165917607433,-0.012226183593227469,-0.011406682025249304,-0.008762785546942764,-0.02704521343067323,-0.0143368157427618,-0.01306622187199813,0.004837855776980593,0.0028835063437140374,0.002348952918985958
2021-03-04,-0.031221332720903883,-0.008026390046535714,-0.00959421205413713,-0.02161306601226276,-0.009101387172750108,-0.01191117583968504,-0.010082566869451193,-0.02060330742030614,-0.014288601097198983,-0.013417213930100202,0.003426616732033816,0.0017472464280974265,0.0022961487344219655
2021-03-05,0.015177416088738127,0.024981496564340233,0.023636131836014762,0.016864209824798415,0.018329192751010748,0.019358917340449144,0.013511584503556051,0.022277671993495618,0.029671752609809587,0.01949596819778221,0.004351420824125096,0.0017662773497009177,0.0024063302363701577
